{
    "ambientocclusion": false,
    "textures": {
        "particle": "mm:blocks/bluestone_dust_dot",
        "line": "mm:blocks/bluestone_dust_dot",
        "overlay": "mm:blocks/bluestone_dust_dot"
    },
    "elements": [
        {   "from": [ 0, 0.25, 0 ],
            "to": [ 16, 0.25, 16 ],
            "shade": false,
            "faces": {
                "up": { "uv": [ 0, 0, 16, 16], "texture": "#line", "tintindex": 0 }
            }
        },
        {   "from": [ 0, 0.25, 0 ],
            "to": [ 16, 0.25, 16 ],
            "shade": false,
            "faces": {
                "up": { "uv": [ 0, 0, 16, 16 ], "texture": "#overlay" }
            }
        }
    ]
}
