{
  "forge_marker": 1,
  "defaults": {
    "textures": {
      "texture": "blocks/red_nether_brick"
    }
  },
  "variants": {
     "normal": { "model": "fence_gate_closed" },
     "inventory": { "model": "fence_gate_closed" },
    "facing=south,in_wall=false,open=false,powered=true": { "model": "fence_gate_closed", "uvlock": true },
    "facing=west,in_wall=false,open=false,powered=true":  { "model": "fence_gate_closed", "uvlock": true, "y": 90 },
    "facing=north,in_wall=false,open=false,powered=true": { "model": "fence_gate_closed", "uvlock": true, "y": 180 },
    "facing=east,in_wall=false,open=false,powered=true":  { "model": "fence_gate_closed", "uvlock": true, "y": 270 },
    "facing=south,in_wall=false,open=true,powered=true": { "model": "fence_gate_open", "uvlock": true },
    "facing=west,in_wall=false,open=true,powered=true":  { "model": "fence_gate_open", "uvlock": true, "y": 90 },
    "facing=north,in_wall=false,open=true,powered=true": { "model": "fence_gate_open", "uvlock": true, "y": 180 },
    "facing=east,in_wall=false,open=true,powered=true":  { "model": "fence_gate_open", "uvlock": true, "y": 270 },
    "facing=south,in_wall=true,open=false,powered=true": { "model": "wall_gate_closed", "uvlock": true },
    "facing=west,in_wall=true,open=false,powered=true":  { "model": "wall_gate_closed", "uvlock": true, "y": 90 },
    "facing=north,in_wall=true,open=false,powered=true": { "model": "wall_gate_closed", "uvlock": true, "y": 180 },
    "facing=east,in_wall=true,open=false,powered=true":  { "model": "wall_gate_closed", "uvlock": true, "y": 270 },
    "facing=south,in_wall=true,open=true,powered=true": { "model": "wall_gate_open", "uvlock": true },
    "facing=west,in_wall=true,open=true,powered=true":  { "model": "wall_gate_open", "uvlock": true, "y": 90 },
    "facing=north,in_wall=true,open=true,powered=true": { "model": "wall_gate_open", "uvlock": true, "y": 180 },
    "facing=east,in_wall=true,open=true,powered=true":  { "model": "wall_gate_open", "uvlock": true, "y": 270 },
    "facing=south,in_wall=false,open=false,powered=false": { "model": "fence_gate_closed", "uvlock": true },
    "facing=west,in_wall=false,open=false,powered=false":  { "model": "fence_gate_closed", "uvlock": true, "y": 90 },
    "facing=north,in_wall=false,open=false,powered=false": { "model": "fence_gate_closed", "uvlock": true, "y": 180 },
    "facing=east,in_wall=false,open=false,powered=false":  { "model": "fence_gate_closed", "uvlock": true, "y": 270 },
    "facing=south,in_wall=false,open=true,powered=false": { "model": "fence_gate_open", "uvlock": true },
    "facing=west,in_wall=false,open=true,powered=false":  { "model": "fence_gate_open", "uvlock": true, "y": 90 },
    "facing=north,in_wall=false,open=true,powered=false": { "model": "fence_gate_open", "uvlock": true, "y": 180 },
    "facing=east,in_wall=false,open=true,powered=false":  { "model": "fence_gate_open", "uvlock": true, "y": 270 },
    "facing=south,in_wall=true,open=false,powered=false": { "model": "wall_gate_closed", "uvlock": true },
    "facing=west,in_wall=true,open=false,powered=false":  { "model": "wall_gate_closed", "uvlock": true, "y": 90 },
    "facing=north,in_wall=true,open=false,powered=false": { "model": "wall_gate_closed", "uvlock": true, "y": 180 },
    "facing=east,in_wall=true,open=false,powered=false":  { "model": "wall_gate_closed", "uvlock": true, "y": 270 },
    "facing=south,in_wall=true,open=true,powered=false": { "model": "wall_gate_open", "uvlock": true },
    "facing=west,in_wall=true,open=true,powered=false":  { "model": "wall_gate_open", "uvlock": true, "y": 90 },
    "facing=north,in_wall=true,open=true,powered=false": { "model": "wall_gate_open", "uvlock": true, "y": 180 },
    "facing=east,in_wall=true,open=true,powered=false":  { "model": "wall_gate_open", "uvlock": true, "y": 270 }
  }
}